fir_id,crime_type,date,location_id,status,description
FIR-1001,Narcotics,2025-07-11,77,Under Investigation,Seizure of commercial quantities of contraband narcotics from suspect possession at bus check-post.
FIR-1002,Theft,2026-01-07,43,Completed,Report of theft of gold necklace from a residential area during night hours.
FIR-1003,Burglary,2025-10-01,92,Pending,Daytime house burglary in housing society. Gold jewelry and cash stolen while owners away.
FIR-1004,Narcotics,2025-10-10,12,Completed,Seizure of commercial quantities of contraband narcotics from suspect possession at bus check-post.
FIR-1005,Theft,2024-08-22,80,Pending,Report of theft of gold necklace from a residential area during night hours.
FIR-1006,Cyber Fraud,2025-07-30,73,Closed,Unauthorized UPI/phishing transaction resulting in transfer of INR 253000 from victim account via links.
FIR-1007,Assault,2025-05-27,82,Closed,Physical assault and altercation following argument over parking space in municipal market.
FIR-1008,Burglary,2024-10-21,27,Pending,Daytime house burglary in housing society. Gold jewelry and cash stolen while owners away.
FIR-1009,Robbery,2024-06-12,39,Closed,Aggravated robbery at local shop counter by suspects carrying sharp instruments. Cash stolen.
FIR-1010,Theft,2026-04-06,60,Completed,Report of theft of gold necklace from a residential area during night hours.
FIR-1011,Burglary,2024-10-23,12,Pending,Daytime house burglary in housing society. Gold jewelry and cash stolen while owners away.
FIR-1012,Burglary,2024-11-13,71,Pending,Daytime house burglary in housing society. Gold jewelry and cash stolen while owners away.
FIR-1013,Narcotics,2024-11-02,99,Pending,Seizure of commercial quantities of contraband narcotics from suspect possession at bus check-post.
FIR-1014,Burglary,2025-10-20,84,Pending,Daytime house burglary in housing society. Gold jewelry and cash stolen while owners away.
FIR-1015,Vehicle Theft,2024-08-23,24,Pending,Vehicle theft of a Royal Enfield bike parked near local metro station. Suspects unknown.
FIR-1016,Narcotics,2026-04-03,14,Pending,Seizure of commercial quantities of contraband narcotics from suspect possession at bus check-post.
FIR-1017,Assault,2024-07-15,30,Under Investigation,Physical assault and altercation following argument over parking space in municipal market.
FIR-1018,Cyber Fraud,2025-06-29,15,Completed,Unauthorized UPI/phishing transaction resulting in transfer of INR 474000 from victim account via links.
FIR-1019,Cyber Fraud,2026-05-12,55,Pending,Unauthorized UPI/phishing transaction resulting in transfer of INR 636000 from victim account via links.
FIR-1020,Burglary,2024-08-20,90,Closed,Daytime house burglary in housing society. Gold jewelry and cash stolen while owners away.
FIR-1021,Theft,2025-07-08,75,Completed,Report of theft of cash box from a residential area during night hours.
FIR-1022,Cyber Fraud,2024-07-04,14,Under Investigation,Unauthorized UPI/phishing transaction resulting in transfer of INR 663000 from victim account via links.
FIR-1023,Robbery,2024-10-25,57,Under Investigation,Aggravated robbery at local shop counter by suspects carrying sharp instruments. Cash stolen.
FIR-1024,Robbery,2024-04-29,80,Completed,Aggravated robbery at local shop counter by suspects carrying sharp instruments. Cash stolen.
FIR-1025,Financial Crime,2026-02-19,92,Pending,Embezzlement and corporate financial fraud involving unauthorized vendor invoice billing of INR 32 Lakhs.
FIR-1026,Robbery,2025-01-08,18,Under Investigation,Aggravated robbery at local shop counter by suspects carrying sharp instruments. Cash stolen.
FIR-1027,Assault,2025-04-11,82,Under Investigation,Physical assault and altercation following argument over parking space in municipal market.
FIR-1028,Vehicle Theft,2025-03-17,68,Under Investigation,Vehicle theft of a Suzuki Swift car parked near local metro station. Suspects unknown.
FIR-1029,Theft,2024-11-02,4,Completed,Report of theft of mobile phone from a residential area during night hours.
FIR-1030,Robbery,2024-11-08,63,Closed,Aggravated robbery at local shop counter by suspects carrying sharp instruments. Cash stolen.
FIR-1031,Theft,2024-01-26,15,Pending,Report of theft of cash box from a residential area during night hours.
FIR-1032,Assault,2026-04-10,43,Under Investigation,Physical assault and altercation following argument over parking space in municipal market.
FIR-1033,Vehicle Theft,2024-04-21,68,Closed,Vehicle theft of a Honda Activa parked near local metro station. Suspects unknown.
FIR-1034,Vehicle Theft,2026-01-16,42,Completed,Vehicle theft of a Suzuki Swift car parked near local metro station. Suspects unknown.
FIR-1035,Cyber Fraud,2025-01-11,2,Under Investigation,Unauthorized UPI/phishing transaction resulting in transfer of INR 30000 from victim account via links.
FIR-1036,Financial Crime,2024-10-07,70,Completed,Embezzlement and corporate financial fraud involving unauthorized vendor invoice billing of INR 17 Lakhs.
FIR-1037,Cyber Fraud,2024-09-04,84,Completed,Unauthorized UPI/phishing transaction resulting in transfer of INR 112000 from victim account via links.
FIR-1038,Financial Crime,2026-04-01,33,Under Investigation,Embezzlement and corporate financial fraud involving unauthorized vendor invoice billing of INR 43 Lakhs.
FIR-1039,Robbery,2025-06-13,99,Closed,Aggravated robbery at local shop counter by suspects carrying sharp instruments. Cash stolen.
FIR-1040,Assault,2025-03-09,22,Under Investigation,Physical assault and altercation following argument over parking space in municipal market.
FIR-1041,Vehicle Theft,2024-11-08,88,Under Investigation,Vehicle theft of a Honda Activa parked near local metro station. Suspects unknown.
FIR-1042,Theft,2024-01-19,23,Completed,Report of theft of mobile phone from a residential area during night hours.
FIR-1043,Robbery,2025-10-27,24,Completed,Aggravated robbery at local shop counter by suspects carrying sharp instruments. Cash stolen.
FIR-1044,Cyber Fraud,2025-04-11,8,Under Investigation,Unauthorized UPI/phishing transaction resulting in transfer of INR 191000 from victim account via links.
FIR-1045,Narcotics,2025-02-04,22,Pending,Seizure of commercial quantities of contraband narcotics from suspect possession at bus check-post.
FIR-1046,Burglary,2025-02-27,7,Pending,Daytime house burglary in housing society. Gold jewelry and cash stolen while owners away.
FIR-1047,Financial Crime,2025-06-12,51,Under Investigation,Embezzlement and corporate financial fraud involving unauthorized vendor invoice billing of INR 30 Lakhs.
FIR-1048,Burglary,2025-07-08,58,Under Investigation,Daytime house burglary in housing society. Gold jewelry and cash stolen while owners away.
FIR-1049,Cyber Fraud,2024-07-13,15,Closed,Unauthorized UPI/phishing transaction resulting in transfer of INR 741000 from victim account via links.
FIR-1050,Robbery,2024-09-12,24,Completed,Aggravated robbery at local shop counter by suspects carrying sharp instruments. Cash stolen.
FIR-1051,Cyber Fraud,2026-03-30,27,Completed,Unauthorized UPI/phishing transaction resulting in transfer of INR 383000 from victim account via links.
FIR-1052,Financial Crime,2025-06-05,85,Closed,Embezzlement and corporate financial fraud involving unauthorized vendor invoice billing of INR 31 Lakhs.
FIR-1053,Cyber Fraud,2026-01-07,62,Closed,Unauthorized UPI/phishing transaction resulting in transfer of INR 294000 from victim account via links.
FIR-1054,Assault,2025-09-20,70,Pending,Physical assault and altercation following argument over parking space in municipal market.
FIR-1055,Vehicle Theft,2025-07-25,21,Under Investigation,Vehicle theft of a Honda Activa parked near local metro station. Suspects unknown.
FIR-1056,Assault,2024-11-28,88,Closed,Physical assault and altercation following argument over parking space in municipal market.
FIR-1057,Financial Crime,2025-05-27,36,Completed,Embezzlement and corporate financial fraud involving unauthorized vendor invoice billing of INR 38 Lakhs.
FIR-1058,Robbery,2025-10-15,83,Completed,Aggravated robbery at local shop counter by suspects carrying sharp instruments. Cash stolen.
FIR-1059,Financial Crime,2025-11-09,26,Completed,Embezzlement and corporate financial fraud involving unauthorized vendor invoice billing of INR 40 Lakhs.
FIR-1060,Burglary,2026-04-11,2,Completed,Daytime house burglary in housing society. Gold jewelry and cash stolen while owners away.
FIR-1061,Cyber Fraud,2026-03-02,45,Pending,Unauthorized UPI/phishing transaction resulting in transfer of INR 790000 from victim account via links.
FIR-1062,Narcotics,2024-04-05,6,Pending,Seizure of commercial quantities of contraband narcotics from suspect possession at bus check-post.
FIR-1063,Burglary,2024-12-28,61,Pending,Daytime house burglary in housing society. Gold jewelry and cash stolen while owners away.
FIR-1064,Financial Crime,2026-05-30,38,Closed,Embezzlement and corporate financial fraud involving unauthorized vendor invoice billing of INR 6 Lakhs.
FIR-1065,Cyber Fraud,2025-07-07,56,Completed,Unauthorized UPI/phishing transaction resulting in transfer of INR 38000 from victim account via links.
FIR-1066,Narcotics,2025-03-19,42,Under Investigation,Seizure of commercial quantities of contraband narcotics from suspect possession at bus check-post.
FIR-1067,Assault,2024-07-10,21,Under Investigation,Physical assault and altercation following argument over parking space in municipal market.
FIR-1068,Burglary,2025-09-16,9,Completed,Daytime house burglary in housing society. Gold jewelry and cash stolen while owners away.
FIR-1069,Robbery,2026-02-01,39,Completed,Aggravated robbery at local shop counter by suspects carrying sharp instruments. Cash stolen.
FIR-1070,Cyber Fraud,2025-01-30,22,Pending,Unauthorized UPI/phishing transaction resulting in transfer of INR 66000 from victim account via links.
FIR-1071,Burglary,2024-08-30,5,Closed,Daytime house burglary in housing society. Gold jewelry and cash stolen while owners away.
FIR-1072,Vehicle Theft,2024-01-01,72,Completed,Vehicle theft of a Royal Enfield bike parked near local metro station. Suspects unknown.
FIR-1073,Vehicle Theft,2026-01-28,62,Pending,Vehicle theft of a Suzuki Swift car parked near local metro station. Suspects unknown.
FIR-1074,Theft,2024-12-18,13,Completed,Report of theft of mobile phone from a residential area during night hours.
FIR-1075,Burglary,2026-01-04,23,Closed,Daytime house burglary in housing society. Gold jewelry and cash stolen while owners away.
FIR-1076,Robbery,2026-05-22,84,Closed,Aggravated robbery at local shop counter by suspects carrying sharp instruments. Cash stolen.
FIR-1077,Cyber Fraud,2024-12-27,70,Under Investigation,Unauthorized UPI/phishing transaction resulting in transfer of INR 570000 from victim account via links.
FIR-1078,Assault,2025-07-26,26,Pending,Physical assault and altercation following argument over parking space in municipal market.
FIR-1079,Burglary,2025-12-02,35,Under Investigation,Daytime house burglary in housing society. Gold jewelry and cash stolen while owners away.
FIR-1080,Cyber Fraud,2024-09-29,80,Completed,Unauthorized UPI/phishing transaction resulting in transfer of INR 193000 from victim account via links.
FIR-1081,Assault,2024-08-09,28,Pending,Physical assault and altercation following argument over parking space in municipal market.
FIR-1082,Theft,2024-04-24,44,Under Investigation,Report of theft of cash box from a residential area during night hours.
FIR-1083,Financial Crime,2025-11-14,82,Pending,Embezzlement and corporate financial fraud involving unauthorized vendor invoice billing of INR 5 Lakhs.
FIR-1084,Cyber Fraud,2024-01-19,62,Pending,Unauthorized UPI/phishing transaction resulting in transfer of INR 652000 from victim account via links.
FIR-1085,Robbery,2024-06-05,3,Pending,Aggravated robbery at local shop counter by suspects carrying sharp instruments. Cash stolen.
FIR-1086,Cyber Fraud,2024-06-03,4,Under Investigation,Unauthorized UPI/phishing transaction resulting in transfer of INR 662000 from victim account via links.
FIR-1087,Theft,2025-04-07,51,Completed,Report of theft of laptops from a residential area during night hours.
FIR-1088,Robbery,2024-02-28,47,Pending,Aggravated robbery at local shop counter by suspects carrying sharp instruments. Cash stolen.
FIR-1089,Burglary,2024-02-13,33,Under Investigation,Daytime house burglary in housing society. Gold jewelry and cash stolen while owners away.
FIR-1090,Assault,2025-12-17,62,Closed,Physical assault and altercation following argument over parking space in municipal market.
FIR-1091,Theft,2025-08-25,74,Pending,Report of theft of mobile phone from a residential area during night hours.
FIR-1092,Financial Crime,2025-01-08,89,Under Investigation,Embezzlement and corporate financial fraud involving unauthorized vendor invoice billing of INR 7 Lakhs.
FIR-1093,Narcotics,2026-01-13,64,Under Investigation,Seizure of commercial quantities of contraband narcotics from suspect possession at bus check-post.
FIR-1094,Burglary,2025-05-28,43,Under Investigation,Daytime house burglary in housing society. Gold jewelry and cash stolen while owners away.
FIR-1095,Narcotics,2024-04-21,60,Closed,Seizure of commercial quantities of contraband narcotics from suspect possession at bus check-post.
FIR-1096,Assault,2024-04-09,31,Closed,Physical assault and altercation following argument over parking space in municipal market.
FIR-1097,Narcotics,2025-04-10,64,Closed,Seizure of commercial quantities of contraband narcotics from suspect possession at bus check-post.
FIR-1098,Financial Crime,2025-08-30,85,Completed,Embezzlement and corporate financial fraud involving unauthorized vendor invoice billing of INR 32 Lakhs.
FIR-1099,Theft,2024-09-17,77,Closed,Report of theft of gold necklace from a residential area during night hours.
FIR-1100,Assault,2026-05-07,82,Closed,Physical assault and altercation following argument over parking space in municipal market.
FIR-1101,Narcotics,2024-07-08,89,Completed,Seizure of commercial quantities of contraband narcotics from suspect possession at bus check-post.
FIR-1102,Cyber Fraud,2024-04-20,76,Completed,Unauthorized UPI/phishing transaction resulting in transfer of INR 695000 from victim account via links.
FIR-1103,Robbery,2025-11-24,89,Closed,Aggravated robbery at local shop counter by suspects carrying sharp instruments. Cash stolen.
FIR-1104,Burglary,2024-01-07,12,Under Investigation,Daytime house burglary in housing society. Gold jewelry and cash stolen while owners away.
FIR-1105,Cyber Fraud,2024-01-30,13,Pending,Unauthorized UPI/phishing transaction resulting in transfer of INR 771000 from victim account via links.
FIR-1106,Vehicle Theft,2024-01-25,87,Under Investigation,Vehicle theft of a Royal Enfield bike parked near local metro station. Suspects unknown.
FIR-1107,Assault,2024-07-10,32,Under Investigation,Physical assault and altercation following argument over parking space in municipal market.
FIR-1108,Assault,2025-09-27,37,Pending,Physical assault and altercation following argument over parking space in municipal market.
FIR-1109,Theft,2025-11-11,22,Closed,Report of theft of cash box from a residential area during night hours.
FIR-1110,Vehicle Theft,2024-10-23,61,Under Investigation,Vehicle theft of a Royal Enfield bike parked near local metro station. Suspects unknown.
FIR-1111,Assault,2024-10-13,58,Closed,Physical assault and altercation following argument over parking space in municipal market.
FIR-1112,Burglary,2026-03-13,9,Closed,Daytime house burglary in housing society. Gold jewelry and cash stolen while owners away.
FIR-1113,Cyber Fraud,2026-04-18,25,Under Investigation,Unauthorized UPI/phishing transaction resulting in transfer of INR 389000 from victim account via links.
FIR-1114,Assault,2024-05-28,93,Closed,Physical assault and altercation following argument over parking space in municipal market.
FIR-1115,Narcotics,2025-10-01,24,Under Investigation,Seizure of commercial quantities of contraband narcotics from suspect possession at bus check-post.
FIR-1116,Cyber Fraud,2026-01-11,33,Pending,Unauthorized UPI/phishing transaction resulting in transfer of INR 249000 from victim account via links.
FIR-1117,Financial Crime,2026-04-26,1,Closed,Embezzlement and corporate financial fraud involving unauthorized vendor invoice billing of INR 47 Lakhs.
FIR-1118,Assault,2025-06-12,52,Pending,Physical assault and altercation following argument over parking space in municipal market.
FIR-1119,Vehicle Theft,2025-06-27,68,Pending,Vehicle theft of a Suzuki Swift car parked near local metro station. Suspects unknown.
FIR-1120,Burglary,2026-05-24,88,Under Investigation,Daytime house burglary in housing society. Gold jewelry and cash stolen while owners away.
FIR-1121,Narcotics,2024-03-30,83,Closed,Seizure of commercial quantities of contraband narcotics from suspect possession at bus check-post.
FIR-1122,Burglary,2026-03-27,3,Under Investigation,Daytime house burglary in housing society. Gold jewelry and cash stolen while owners away.
FIR-1123,Robbery,2025-03-06,64,Under Investigation,Aggravated robbery at local shop counter by suspects carrying sharp instruments. Cash stolen.
FIR-1124,Theft,2024-09-09,69,Closed,Report of theft of gold necklace from a residential area during night hours.
FIR-1125,Assault,2025-12-29,84,Pending,Physical assault and altercation following argument over parking space in municipal market.
FIR-1126,Robbery,2025-06-28,39,Pending,Aggravated robbery at local shop counter by suspects carrying sharp instruments. Cash stolen.
FIR-1127,Financial Crime,2024-02-10,82,Closed,Embezzlement and corporate financial fraud involving unauthorized vendor invoice billing of INR 14 Lakhs.
FIR-1128,Assault,2024-06-29,25,Closed,Physical assault and altercation following argument over parking space in municipal market.
FIR-1129,Cyber Fraud,2026-01-30,54,Completed,Unauthorized UPI/phishing transaction resulting in transfer of INR 314000 from victim account via links.
FIR-1130,Financial Crime,2026-05-23,1,Completed,Embezzlement and corporate financial fraud involving unauthorized vendor invoice billing of INR 42 Lakhs.
FIR-1131,Assault,2026-04-21,45,Completed,Physical assault and altercation following argument over parking space in municipal market.
FIR-1132,Assault,2026-03-14,34,Closed,Physical assault and altercation following argument over parking space in municipal market.
FIR-1133,Financial Crime,2026-04-14,85,Completed,Embezzlement and corporate financial fraud involving unauthorized vendor invoice billing of INR 30 Lakhs.
FIR-1134,Theft,2026-02-06,78,Under Investigation,Report of theft of mobile phone from a residential area during night hours.
FIR-1135,Robbery,2025-10-13,65,Closed,Aggravated robbery at local shop counter by suspects carrying sharp instruments. Cash stolen.
FIR-1136,Cyber Fraud,2024-05-14,41,Closed,Unauthorized UPI/phishing transaction resulting in transfer of INR 442000 from victim account via links.
FIR-1137,Theft,2025-05-20,99,Under Investigation,Report of theft of cash box from a residential area during night hours.
FIR-1138,Burglary,2024-09-26,45,Pending,Daytime house burglary in housing society. Gold jewelry and cash stolen while owners away.
FIR-1139,Assault,2025-10-13,15,Under Investigation,Physical assault and altercation following argument over parking space in municipal market.
FIR-1140,Cyber Fraud,2025-08-13,47,Closed,Unauthorized UPI/phishing transaction resulting in transfer of INR 558000 from victim account via links.
FIR-1141,Financial Crime,2024-06-29,92,Closed,Embezzlement and corporate financial fraud involving unauthorized vendor invoice billing of INR 19 Lakhs.
FIR-1142,Burglary,2025-10-02,50,Completed,Daytime house burglary in housing society. Gold jewelry and cash stolen while owners away.
FIR-1143,Financial Crime,2026-03-29,38,Pending,Embezzlement and corporate financial fraud involving unauthorized vendor invoice billing of INR 27 Lakhs.
FIR-1144,Cyber Fraud,2025-10-04,12,Pending,Unauthorized UPI/phishing transaction resulting in transfer of INR 155000 from victim account via links.
FIR-1145,Theft,2026-03-08,24,Under Investigation,Report of theft of cash box from a residential area during night hours.
FIR-1146,Cyber Fraud,2025-11-22,100,Completed,Unauthorized UPI/phishing transaction resulting in transfer of INR 606000 from victim account via links.
FIR-1147,Vehicle Theft,2026-05-30,76,Under Investigation,Vehicle theft of a Suzuki Swift car parked near local metro station. Suspects unknown.
FIR-1148,Robbery,2025-04-08,79,Closed,Aggravated robbery at local shop counter by suspects carrying sharp instruments. Cash stolen.
FIR-1149,Assault,2026-03-28,88,Closed,Physical assault and altercation following argument over parking space in municipal market.
FIR-1150,Financial Crime,2025-10-06,58,Pending,Embezzlement and corporate financial fraud involving unauthorized vendor invoice billing of INR 38 Lakhs.
FIR-1151,Cyber Fraud,2024-03-19,44,Pending,Unauthorized UPI/phishing transaction resulting in transfer of INR 244000 from victim account via links.
FIR-1152,Vehicle Theft,2024-10-03,74,Closed,Vehicle theft of a Royal Enfield bike parked near local metro station. Suspects unknown.
FIR-1153,Financial Crime,2024-05-20,25,Pending,Embezzlement and corporate financial fraud involving unauthorized vendor invoice billing of INR 13 Lakhs.
FIR-1154,Financial Crime,2026-01-13,16,Completed,Embezzlement and corporate financial fraud involving unauthorized vendor invoice billing of INR 25 Lakhs.
FIR-1155,Narcotics,2024-12-04,60,Closed,Seizure of commercial quantities of contraband narcotics from suspect possession at bus check-post.
FIR-1156,Assault,2026-05-25,87,Under Investigation,Physical assault and altercation following argument over parking space in municipal market.
FIR-1157,Theft,2025-01-19,76,Closed,Report of theft of gold necklace from a residential area during night hours.
FIR-1158,Assault,2025-03-28,9,Under Investigation,Physical assault and altercation following argument over parking space in municipal market.
FIR-1159,Narcotics,2025-06-15,32,Completed,Seizure of commercial quantities of contraband narcotics from suspect possession at bus check-post.
FIR-1160,Assault,2024-11-26,24,Completed,Physical assault and altercation following argument over parking space in municipal market.
FIR-1161,Theft,2025-10-27,7,Under Investigation,Report of theft of mobile phone from a residential area during night hours.
FIR-1162,Vehicle Theft,2024-01-16,87,Completed,Vehicle theft of a Honda Activa parked near local metro station. Suspects unknown.
FIR-1163,Financial Crime,2025-01-21,66,Pending,Embezzlement and corporate financial fraud involving unauthorized vendor invoice billing of INR 23 Lakhs.
FIR-1164,Robbery,2025-07-22,43,Closed,Aggravated robbery at local shop counter by suspects carrying sharp instruments. Cash stolen.
FIR-1165,Burglary,2025-02-24,82,Completed,Daytime house burglary in housing society. Gold jewelry and cash stolen while owners away.
FIR-1166,Robbery,2025-05-13,1,Pending,Aggravated robbery at local shop counter by suspects carrying sharp instruments. Cash stolen.
FIR-1167,Assault,2024-06-20,42,Pending,Physical assault and altercation following argument over parking space in municipal market.
FIR-1168,Vehicle Theft,2025-10-31,40,Completed,Vehicle theft of a Suzuki Swift car parked near local metro station. Suspects unknown.
FIR-1169,Cyber Fraud,2025-08-20,53,Completed,Unauthorized UPI/phishing transaction resulting in transfer of INR 783000 from victim account via links.
FIR-1170,Narcotics,2024-05-10,25,Under Investigation,Seizure of commercial quantities of contraband narcotics from suspect possession at bus check-post.
FIR-1171,Burglary,2024-01-08,74,Under Investigation,Daytime house burglary in housing society. Gold jewelry and cash stolen while owners away.
FIR-1172,Assault,2024-12-04,70,Completed,Physical assault and altercation following argument over parking space in municipal market.
FIR-1173,Theft,2025-11-26,45,Under Investigation,Report of theft of laptops from a residential area during night hours.
FIR-1174,Robbery,2026-04-09,2,Pending,Aggravated robbery at local shop counter by suspects carrying sharp instruments. Cash stolen.
FIR-1175,Assault,2025-12-26,55,Closed,Physical assault and altercation following argument over parking space in municipal market.
FIR-1176,Theft,2024-11-23,2,Under Investigation,Report of theft of cash box from a residential area during night hours.
FIR-1177,Vehicle Theft,2025-05-22,44,Closed,Vehicle theft of a Royal Enfield bike parked near local metro station. Suspects unknown.
FIR-1178,Theft,2024-11-25,86,Under Investigation,Report of theft of cash box from a residential area during night hours.
FIR-1179,Narcotics,2024-02-28,39,Closed,Seizure of commercial quantities of contraband narcotics from suspect possession at bus check-post.
FIR-1180,Narcotics,2024-12-26,78,Pending,Seizure of commercial quantities of contraband narcotics from suspect possession at bus check-post.
FIR-1181,Robbery,2024-08-28,81,Under Investigation,Aggravated robbery at local shop counter by suspects carrying sharp instruments. Cash stolen.
FIR-1182,Theft,2024-07-23,87,Closed,Report of theft of mobile phone from a residential area during night hours.
FIR-1183,Vehicle Theft,2025-11-19,40,Pending,Vehicle theft of a Royal Enfield bike parked near local metro station. Suspects unknown.
FIR-1184,Cyber Fraud,2024-03-28,7,Completed,Unauthorized UPI/phishing transaction resulting in transfer of INR 75000 from victim account via links.
FIR-1185,Robbery,2026-05-07,60,Under Investigation,Aggravated robbery at local shop counter by suspects carrying sharp instruments. Cash stolen.
FIR-1186,Theft,2024-12-11,36,Closed,Report of theft of gold necklace from a residential area during night hours.
FIR-1187,Vehicle Theft,2025-08-22,95,Pending,Vehicle theft of a Royal Enfield bike parked near local metro station. Suspects unknown.
FIR-1188,Vehicle Theft,2024-10-05,68,Under Investigation,Vehicle theft of a Royal Enfield bike parked near local metro station. Suspects unknown.
FIR-1189,Vehicle Theft,2025-01-18,89,Under Investigation,Vehicle theft of a Royal Enfield bike parked near local metro station. Suspects unknown.
FIR-1190,Assault,2024-04-11,44,Under Investigation,Physical assault and altercation following argument over parking space in municipal market.
FIR-1191,Vehicle Theft,2024-10-31,56,Pending,Vehicle theft of a Suzuki Swift car parked near local metro station. Suspects unknown.
FIR-1192,Financial Crime,2024-02-05,12,Under Investigation,Embezzlement and corporate financial fraud involving unauthorized vendor invoice billing of INR 15 Lakhs.
FIR-1193,Theft,2024-06-10,59,Completed,Report of theft of cash box from a residential area during night hours.
FIR-1194,Robbery,2024-06-22,23,Under Investigation,Aggravated robbery at local shop counter by suspects carrying sharp instruments. Cash stolen.
FIR-1195,Assault,2024-03-20,83,Completed,Physical assault and altercation following argument over parking space in municipal market.
FIR-1196,Assault,2024-11-29,73,Closed,Physical assault and altercation following argument over parking space in municipal market.
FIR-1197,Narcotics,2024-11-25,14,Closed,Seizure of commercial quantities of contraband narcotics from suspect possession at bus check-post.
FIR-1198,Vehicle Theft,2025-01-25,33,Completed,Vehicle theft of a Suzuki Swift car parked near local metro station. Suspects unknown.
FIR-1199,Theft,2024-05-16,14,Closed,Report of theft of laptops from a residential area during night hours.
FIR-1200,Robbery,2025-02-02,48,Completed,Aggravated robbery at local shop counter by suspects carrying sharp instruments. Cash stolen.
FIR-1201,Financial Crime,2025-01-31,80,Pending,Embezzlement and corporate financial fraud involving unauthorized vendor invoice billing of INR 6 Lakhs.
FIR-1202,Narcotics,2024-05-12,81,Completed,Seizure of commercial quantities of contraband narcotics from suspect possession at bus check-post.
FIR-1203,Financial Crime,2025-09-26,14,Completed,Embezzlement and corporate financial fraud involving unauthorized vendor invoice billing of INR 28 Lakhs.
FIR-1204,Burglary,2026-06-07,64,Completed,Daytime house burglary in housing society. Gold jewelry and cash stolen while owners away.
FIR-1205,Narcotics,2024-05-06,88,Completed,Seizure of commercial quantities of contraband narcotics from suspect possession at bus check-post.
FIR-1206,Cyber Fraud,2025-03-25,42,Closed,Unauthorized UPI/phishing transaction resulting in transfer of INR 578000 from victim account via links.
FIR-1207,Narcotics,2026-04-13,60,Closed,Seizure of commercial quantities of contraband narcotics from suspect possession at bus check-post.
FIR-1208,Burglary,2025-07-09,15,Under Investigation,Daytime house burglary in housing society. Gold jewelry and cash stolen while owners away.
FIR-1209,Assault,2026-01-05,81,Completed,Physical assault and altercation following argument over parking space in municipal market.
FIR-1210,Narcotics,2026-03-05,24,Closed,Seizure of commercial quantities of contraband narcotics from suspect possession at bus check-post.
FIR-1211,Financial Crime,2024-02-07,98,Completed,Embezzlement and corporate financial fraud involving unauthorized vendor invoice billing of INR 20 Lakhs.
FIR-1212,Vehicle Theft,2025-02-27,4,Closed,Vehicle theft of a Royal Enfield bike parked near local metro station. Suspects unknown.
FIR-1213,Burglary,2026-06-18,12,Pending,Daytime house burglary in housing society. Gold jewelry and cash stolen while owners away.
FIR-1214,Robbery,2026-04-24,50,Under Investigation,Aggravated robbery at local shop counter by suspects carrying sharp instruments. Cash stolen.
FIR-1215,Cyber Fraud,2026-02-16,29,Completed,Unauthorized UPI/phishing transaction resulting in transfer of INR 601000 from victim account via links.
FIR-1216,Vehicle Theft,2024-05-25,97,Under Investigation,Vehicle theft of a Honda Activa parked near local metro station. Suspects unknown.
FIR-1217,Assault,2026-01-08,97,Pending,Physical assault and altercation following argument over parking space in municipal market.
FIR-1218,Narcotics,2024-01-31,75,Completed,Seizure of commercial quantities of contraband narcotics from suspect possession at bus check-post.
FIR-1219,Robbery,2025-10-13,80,Completed,Aggravated robbery at local shop counter by suspects carrying sharp instruments. Cash stolen.
FIR-1220,Assault,2025-02-12,44,Closed,Physical assault and altercation following argument over parking space in municipal market.
FIR-1221,Cyber Fraud,2024-02-05,73,Completed,Unauthorized UPI/phishing transaction resulting in transfer of INR 790000 from victim account via links.
FIR-1222,Burglary,2024-05-31,41,Completed,Daytime house burglary in housing society. Gold jewelry and cash stolen while owners away.
FIR-1223,Assault,2025-04-04,2,Completed,Physical assault and altercation following argument over parking space in municipal market.
FIR-1224,Assault,2025-11-25,65,Completed,Physical assault and altercation following argument over parking space in municipal market.
FIR-1225,Burglary,2025-04-02,92,Closed,Daytime house burglary in housing society. Gold jewelry and cash stolen while owners away.
FIR-1226,Theft,2026-02-22,17,Closed,Report of theft of laptops from a residential area during night hours.
FIR-1227,Narcotics,2026-05-31,14,Under Investigation,Seizure of commercial quantities of contraband narcotics from suspect possession at bus check-post.
FIR-1228,Narcotics,2024-01-29,77,Completed,Seizure of commercial quantities of contraband narcotics from suspect possession at bus check-post.
FIR-1229,Cyber Fraud,2025-04-05,40,Completed,Unauthorized UPI/phishing transaction resulting in transfer of INR 677000 from victim account via links.
FIR-1230,Theft,2025-12-18,66,Pending,Report of theft of cash box from a residential area during night hours.
FIR-1231,Robbery,2024-02-01,25,Under Investigation,Aggravated robbery at local shop counter by suspects carrying sharp instruments. Cash stolen.
FIR-1232,Financial Crime,2024-07-13,13,Completed,Embezzlement and corporate financial fraud involving unauthorized vendor invoice billing of INR 9 Lakhs.
FIR-1233,Financial Crime,2024-01-14,2,Closed,Embezzlement and corporate financial fraud involving unauthorized vendor invoice billing of INR 26 Lakhs.
FIR-1234,Theft,2025-01-04,36,Under Investigation,Report of theft of laptops from a residential area during night hours.
FIR-1235,Robbery,2025-08-30,86,Under Investigation,Aggravated robbery at local shop counter by suspects carrying sharp instruments. Cash stolen.
FIR-1236,Narcotics,2025-02-19,16,Pending,Seizure of commercial quantities of contraband narcotics from suspect possession at bus check-post.
FIR-1237,Burglary,2026-03-01,30,Closed,Daytime house burglary in housing society. Gold jewelry and cash stolen while owners away.
FIR-1238,Burglary,2025-09-25,5,Under Investigation,Daytime house burglary in housing society. Gold jewelry and cash stolen while owners away.
FIR-1239,Robbery,2026-05-13,52,Under Investigation,Aggravated robbery at local shop counter by suspects carrying sharp instruments. Cash stolen.
FIR-1240,Theft,2024-05-11,95,Completed,Report of theft of cash box from a residential area during night hours.
FIR-1241,Cyber Fraud,2025-04-29,70,Closed,Unauthorized UPI/phishing transaction resulting in transfer of INR 776000 from victim account via links.
FIR-1242,Cyber Fraud,2024-05-21,100,Under Investigation,Unauthorized UPI/phishing transaction resulting in transfer of INR 243000 from victim account via links.
FIR-1243,Vehicle Theft,2025-12-11,90,Completed,Vehicle theft of a Suzuki Swift car parked near local metro station. Suspects unknown.
FIR-1244,Theft,2026-04-09,61,Completed,Report of theft of mobile phone from a residential area during night hours.
FIR-1245,Burglary,2025-06-07,64,Pending,Daytime house burglary in housing society. Gold jewelry and cash stolen while owners away.
FIR-1246,Theft,2026-02-06,89,Closed,Report of theft of mobile phone from a residential area during night hours.
FIR-1247,Theft,2026-01-12,19,Under Investigation,Report of theft of laptops from a residential area during night hours.
FIR-1248,Theft,2024-07-28,70,Completed,Report of theft of cash box from a residential area during night hours.
FIR-1249,Financial Crime,2025-12-02,18,Under Investigation,Embezzlement and corporate financial fraud involving unauthorized vendor invoice billing of INR 44 Lakhs.
FIR-1250,Vehicle Theft,2026-04-27,5,Under Investigation,Vehicle theft of a Royal Enfield bike parked near local metro station. Suspects unknown.
FIR-1251,Burglary,2026-01-11,95,Under Investigation,Daytime house burglary in housing society. Gold jewelry and cash stolen while owners away.
FIR-1252,Narcotics,2024-03-22,30,Completed,Seizure of commercial quantities of contraband narcotics from suspect possession at bus check-post.
FIR-1253,Theft,2024-01-06,70,Under Investigation,Report of theft of laptops from a residential area during night hours.
FIR-1254,Cyber Fraud,2024-05-09,64,Under Investigation,Unauthorized UPI/phishing transaction resulting in transfer of INR 617000 from victim account via links.
FIR-1255,Vehicle Theft,2025-05-31,51,Closed,Vehicle theft of a Honda Activa parked near local metro station. Suspects unknown.
FIR-1256,Vehicle Theft,2025-11-27,64,Under Investigation,Vehicle theft of a Honda Activa parked near local metro station. Suspects unknown.
FIR-1257,Vehicle Theft,2026-02-03,36,Closed,Vehicle theft of a Honda Activa parked near local metro station. Suspects unknown.
FIR-1258,Theft,2024-04-11,33,Closed,Report of theft of mobile phone from a residential area during night hours.
FIR-1259,Theft,2024-04-20,85,Completed,Report of theft of laptops from a residential area during night hours.
FIR-1260,Burglary,2024-08-20,11,Under Investigation,Daytime house burglary in housing society. Gold jewelry and cash stolen while owners away.
FIR-1261,Assault,2025-06-28,82,Under Investigation,Physical assault and altercation following argument over parking space in municipal market.
FIR-1262,Cyber Fraud,2025-05-10,76,Pending,Unauthorized UPI/phishing transaction resulting in transfer of INR 610000 from victim account via links.
FIR-1263,Burglary,2025-12-24,69,Completed,Daytime house burglary in housing society. Gold jewelry and cash stolen while owners away.
FIR-1264,Vehicle Theft,2024-01-05,30,Completed,Vehicle theft of a Suzuki Swift car parked near local metro station. Suspects unknown.
FIR-1265,Theft,2026-06-04,25,Completed,Report of theft of mobile phone from a residential area during night hours.
FIR-1266,Financial Crime,2025-11-27,44,Pending,Embezzlement and corporate financial fraud involving unauthorized vendor invoice billing of INR 36 Lakhs.
FIR-1267,Assault,2026-04-24,59,Pending,Physical assault and altercation following argument over parking space in municipal market.
FIR-1268,Theft,2024-04-30,34,Under Investigation,Report of theft of laptops from a residential area during night hours.
FIR-1269,Financial Crime,2025-05-16,4,Completed,Embezzlement and corporate financial fraud involving unauthorized vendor invoice billing of INR 11 Lakhs.
FIR-1270,Cyber Fraud,2024-12-12,24,Completed,Unauthorized UPI/phishing transaction resulting in transfer of INR 738000 from victim account via links.
FIR-1271,Theft,2025-04-17,67,Closed,Report of theft of cash box from a residential area during night hours.
FIR-1272,Burglary,2025-04-21,88,Under Investigation,Daytime house burglary in housing society. Gold jewelry and cash stolen while owners away.
FIR-1273,Cyber Fraud,2025-12-24,47,Closed,Unauthorized UPI/phishing transaction resulting in transfer of INR 679000 from victim account via links.
FIR-1274,Vehicle Theft,2025-04-01,82,Pending,Vehicle theft of a Royal Enfield bike parked near local metro station. Suspects unknown.
FIR-1275,Narcotics,2026-01-24,63,Under Investigation,Seizure of commercial quantities of contraband narcotics from suspect possession at bus check-post.
FIR-1276,Vehicle Theft,2025-04-25,47,Pending,Vehicle theft of a Honda Activa parked near local metro station. Suspects unknown.
FIR-1277,Burglary,2026-02-16,91,Completed,Daytime house burglary in housing society. Gold jewelry and cash stolen while owners away.
FIR-1278,Robbery,2026-04-01,52,Under Investigation,Aggravated robbery at local shop counter by suspects carrying sharp instruments. Cash stolen.
FIR-1279,Cyber Fraud,2024-01-02,90,Pending,Unauthorized UPI/phishing transaction resulting in transfer of INR 130000 from victim account via links.
FIR-1280,Assault,2026-05-23,11,Pending,Physical assault and altercation following argument over parking space in municipal market.
FIR-1281,Vehicle Theft,2024-08-13,73,Under Investigation,Vehicle theft of a Honda Activa parked near local metro station. Suspects unknown.
FIR-1282,Vehicle Theft,2025-12-13,12,Pending,Vehicle theft of a Suzuki Swift car parked near local metro station. Suspects unknown.
FIR-1283,Financial Crime,2024-09-26,92,Completed,Embezzlement and corporate financial fraud involving unauthorized vendor invoice billing of INR 18 Lakhs.
FIR-1284,Narcotics,2026-04-14,3,Completed,Seizure of commercial quantities of contraband narcotics from suspect possession at bus check-post.
FIR-1285,Financial Crime,2026-05-03,73,Under Investigation,Embezzlement and corporate financial fraud involving unauthorized vendor invoice billing of INR 30 Lakhs.
FIR-1286,Cyber Fraud,2025-04-14,90,Under Investigation,Unauthorized UPI/phishing transaction resulting in transfer of INR 631000 from victim account via links.
FIR-1287,Financial Crime,2026-06-03,16,Under Investigation,Embezzlement and corporate financial fraud involving unauthorized vendor invoice billing of INR 13 Lakhs.
FIR-1288,Vehicle Theft,2024-07-21,25,Closed,Vehicle theft of a Royal Enfield bike parked near local metro station. Suspects unknown.
FIR-1289,Assault,2024-04-26,56,Completed,Physical assault and altercation following argument over parking space in municipal market.
FIR-1290,Vehicle Theft,2025-11-01,54,Closed,Vehicle theft of a Honda Activa parked near local metro station. Suspects unknown.
FIR-1291,Narcotics,2025-07-08,1,Closed,Seizure of commercial quantities of contraband narcotics from suspect possession at bus check-post.
FIR-1292,Financial Crime,2025-10-01,19,Completed,Embezzlement and corporate financial fraud involving unauthorized vendor invoice billing of INR 40 Lakhs.
FIR-1293,Vehicle Theft,2025-03-10,76,Pending,Vehicle theft of a Honda Activa parked near local metro station. Suspects unknown.
FIR-1294,Narcotics,2024-12-03,84,Under Investigation,Seizure of commercial quantities of contraband narcotics from suspect possession at bus check-post.
FIR-1295,Vehicle Theft,2026-01-29,42,Under Investigation,Vehicle theft of a Honda Activa parked near local metro station. Suspects unknown.
FIR-1296,Burglary,2025-02-13,22,Completed,Daytime house burglary in housing society. Gold jewelry and cash stolen while owners away.
FIR-1297,Cyber Fraud,2024-08-31,77,Under Investigation,Unauthorized UPI/phishing transaction resulting in transfer of INR 522000 from victim account via links.
FIR-1298,Narcotics,2024-04-02,90,Completed,Seizure of commercial quantities of contraband narcotics from suspect possession at bus check-post.
FIR-1299,Financial Crime,2025-02-28,84,Under Investigation,Embezzlement and corporate financial fraud involving unauthorized vendor invoice billing of INR 39 Lakhs.
FIR-1300,Cyber Fraud,2024-03-15,40,Closed,Unauthorized UPI/phishing transaction resulting in transfer of INR 158000 from victim account via links.
FIR-1301,Vehicle Theft,2024-12-21,69,Closed,Vehicle theft of a Honda Activa parked near local metro station. Suspects unknown.
FIR-1302,Robbery,2025-08-08,25,Completed,Aggravated robbery at local shop counter by suspects carrying sharp instruments. Cash stolen.
FIR-1303,Burglary,2024-11-13,54,Under Investigation,Daytime house burglary in housing society. Gold jewelry and cash stolen while owners away.
FIR-1304,Cyber Fraud,2025-05-10,20,Pending,Unauthorized UPI/phishing transaction resulting in transfer of INR 545000 from victim account via links.
FIR-1305,Narcotics,2024-08-26,75,Under Investigation,Seizure of commercial quantities of contraband narcotics from suspect possession at bus check-post.
FIR-1306,Theft,2026-05-20,51,Closed,Report of theft of cash box from a residential area during night hours.
FIR-1307,Burglary,2025-05-08,25,Completed,Daytime house burglary in housing society. Gold jewelry and cash stolen while owners away.
FIR-1308,Financial Crime,2024-06-07,22,Closed,Embezzlement and corporate financial fraud involving unauthorized vendor invoice billing of INR 39 Lakhs.
FIR-1309,Assault,2026-01-01,49,Pending,Physical assault and altercation following argument over parking space in municipal market.
FIR-1310,Theft,2025-11-17,98,Completed,Report of theft of mobile phone from a residential area during night hours.
FIR-1311,Cyber Fraud,2025-06-11,27,Completed,Unauthorized UPI/phishing transaction resulting in transfer of INR 200000 from victim account via links.
FIR-1312,Narcotics,2024-08-14,55,Under Investigation,Seizure of commercial quantities of contraband narcotics from suspect possession at bus check-post.
FIR-1313,Robbery,2024-12-04,41,Closed,Aggravated robbery at local shop counter by suspects carrying sharp instruments. Cash stolen.
FIR-1314,Financial Crime,2026-05-27,13,Under Investigation,Embezzlement and corporate financial fraud involving unauthorized vendor invoice billing of INR 42 Lakhs.
FIR-1315,Robbery,2025-08-24,53,Completed,Aggravated robbery at local shop counter by suspects carrying sharp instruments. Cash stolen.
FIR-1316,Narcotics,2024-01-10,54,Completed,Seizure of commercial quantities of contraband narcotics from suspect possession at bus check-post.
FIR-1317,Narcotics,2024-06-28,41,Closed,Seizure of commercial quantities of contraband narcotics from suspect possession at bus check-post.
FIR-1318,Narcotics,2024-06-17,8,Closed,Seizure of commercial quantities of contraband narcotics from suspect possession at bus check-post.
FIR-1319,Cyber Fraud,2026-02-22,20,Closed,Unauthorized UPI/phishing transaction resulting in transfer of INR 655000 from victim account via links.
FIR-1320,Theft,2026-06-12,13,Completed,Report of theft of gold necklace from a residential area during night hours.
FIR-1321,Robbery,2024-06-03,31,Closed,Aggravated robbery at local shop counter by suspects carrying sharp instruments. Cash stolen.
FIR-1322,Financial Crime,2024-01-16,15,Pending,Embezzlement and corporate financial fraud involving unauthorized vendor invoice billing of INR 42 Lakhs.
FIR-1323,Narcotics,2024-11-27,19,Pending,Seizure of commercial quantities of contraband narcotics from suspect possession at bus check-post.
FIR-1324,Robbery,2026-05-10,87,Under Investigation,Aggravated robbery at local shop counter by suspects carrying sharp instruments. Cash stolen.
FIR-1325,Financial Crime,2025-02-02,85,Pending,Embezzlement and corporate financial fraud involving unauthorized vendor invoice billing of INR 22 Lakhs.
FIR-1326,Narcotics,2025-03-23,57,Pending,Seizure of commercial quantities of contraband narcotics from suspect possession at bus check-post.
FIR-1327,Vehicle Theft,2024-04-08,17,Pending,Vehicle theft of a Suzuki Swift car parked near local metro station. Suspects unknown.
FIR-1328,Burglary,2026-04-22,46,Completed,Daytime house burglary in housing society. Gold jewelry and cash stolen while owners away.
FIR-1329,Narcotics,2024-07-10,61,Under Investigation,Seizure of commercial quantities of contraband narcotics from suspect possession at bus check-post.
FIR-1330,Cyber Fraud,2024-09-01,14,Under Investigation,Unauthorized UPI/phishing transaction resulting in transfer of INR 119000 from victim account via links.
FIR-1331,Vehicle Theft,2025-03-09,74,Pending,Vehicle theft of a Suzuki Swift car parked near local metro station. Suspects unknown.
FIR-1332,Burglary,2026-06-01,74,Pending,Daytime house burglary in housing society. Gold jewelry and cash stolen while owners away.
FIR-1333,Financial Crime,2025-01-02,66,Pending,Embezzlement and corporate financial fraud involving unauthorized vendor invoice billing of INR 23 Lakhs.
FIR-1334,Assault,2025-03-30,1,Completed,Physical assault and altercation following argument over parking space in municipal market.
FIR-1335,Theft,2025-08-17,68,Under Investigation,Report of theft of cash box from a residential area during night hours.
FIR-1336,Cyber Fraud,2025-01-05,77,Closed,Unauthorized UPI/phishing transaction resulting in transfer of INR 501000 from victim account via links.
FIR-1337,Vehicle Theft,2026-02-02,95,Pending,Vehicle theft of a Honda Activa parked near local metro station. Suspects unknown.
FIR-1338,Robbery,2025-02-07,14,Completed,Aggravated robbery at local shop counter by suspects carrying sharp instruments. Cash stolen.
FIR-1339,Theft,2025-11-20,95,Under Investigation,Report of theft of cash box from a residential area during night hours.
FIR-1340,Theft,2025-01-18,60,Pending,Report of theft of cash box from a residential area during night hours.
FIR-1341,Financial Crime,2024-01-28,73,Pending,Embezzlement and corporate financial fraud involving unauthorized vendor invoice billing of INR 21 Lakhs.
FIR-1342,Assault,2024-10-29,13,Completed,Physical assault and altercation following argument over parking space in municipal market.
FIR-1343,Theft,2024-04-06,5,Completed,Report of theft of mobile phone from a residential area during night hours.
FIR-1344,Cyber Fraud,2025-10-05,69,Closed,Unauthorized UPI/phishing transaction resulting in transfer of INR 138000 from victim account via links.
FIR-1345,Theft,2025-08-27,51,Completed,Report of theft of mobile phone from a residential area during night hours.
FIR-1346,Robbery,2025-01-13,35,Closed,Aggravated robbery at local shop counter by suspects carrying sharp instruments. Cash stolen.
FIR-1347,Vehicle Theft,2024-11-27,85,Under Investigation,Vehicle theft of a Honda Activa parked near local metro station. Suspects unknown.
FIR-1348,Theft,2024-02-18,71,Completed,Report of theft of gold necklace from a residential area during night hours.
FIR-1349,Vehicle Theft,2026-01-24,99,Completed,Vehicle theft of a Suzuki Swift car parked near local metro station. Suspects unknown.
FIR-1350,Assault,2026-04-05,88,Pending,Physical assault and altercation following argument over parking space in municipal market.
FIR-1351,Burglary,2025-01-01,85,Under Investigation,Daytime house burglary in housing society. Gold jewelry and cash stolen while owners away.
FIR-1352,Vehicle Theft,2025-12-29,58,Under Investigation,Vehicle theft of a Honda Activa parked near local metro station. Suspects unknown.
FIR-1353,Financial Crime,2025-12-19,85,Completed,Embezzlement and corporate financial fraud involving unauthorized vendor invoice billing of INR 9 Lakhs.
FIR-1354,Robbery,2025-07-05,9,Closed,Aggravated robbery at local shop counter by suspects carrying sharp instruments. Cash stolen.
FIR-1355,Cyber Fraud,2025-01-26,75,Closed,Unauthorized UPI/phishing transaction resulting in transfer of INR 44000 from victim account via links.
FIR-1356,Cyber Fraud,2026-01-18,66,Closed,Unauthorized UPI/phishing transaction resulting in transfer of INR 132000 from victim account via links.
FIR-1357,Robbery,2025-08-13,86,Pending,Aggravated robbery at local shop counter by suspects carrying sharp instruments. Cash stolen.
FIR-1358,Vehicle Theft,2026-03-25,38,Closed,Vehicle theft of a Honda Activa parked near local metro station. Suspects unknown.
FIR-1359,Robbery,2024-08-22,67,Under Investigation,Aggravated robbery at local shop counter by suspects carrying sharp instruments. Cash stolen.
FIR-1360,Vehicle Theft,2026-01-01,61,Closed,Vehicle theft of a Honda Activa parked near local metro station. Suspects unknown.
FIR-1361,Theft,2024-10-23,59,Completed,Report of theft of cash box from a residential area during night hours.
FIR-1362,Burglary,2024-10-05,86,Pending,Daytime house burglary in housing society. Gold jewelry and cash stolen while owners away.
FIR-1363,Robbery,2026-05-30,14,Pending,Aggravated robbery at local shop counter by suspects carrying sharp instruments. Cash stolen.
FIR-1364,Financial Crime,2024-09-29,75,Completed,Embezzlement and corporate financial fraud involving unauthorized vendor invoice billing of INR 29 Lakhs.
FIR-1365,Narcotics,2024-06-26,15,Closed,Seizure of commercial quantities of contraband narcotics from suspect possession at bus check-post.
FIR-1366,Theft,2024-04-13,14,Under Investigation,Report of theft of laptops from a residential area during night hours.
FIR-1367,Assault,2024-07-19,100,Completed,Physical assault and altercation following argument over parking space in municipal market.
FIR-1368,Vehicle Theft,2025-09-21,91,Closed,Vehicle theft of a Suzuki Swift car parked near local metro station. Suspects unknown.
FIR-1369,Burglary,2024-08-18,85,Closed,Daytime house burglary in housing society. Gold jewelry and cash stolen while owners away.
FIR-1370,Assault,2024-01-16,99,Completed,Physical assault and altercation following argument over parking space in municipal market.
FIR-1371,Assault,2024-07-19,84,Under Investigation,Physical assault and altercation following argument over parking space in municipal market.
FIR-1372,Vehicle Theft,2024-08-30,79,Completed,Vehicle theft of a Royal Enfield bike parked near local metro station. Suspects unknown.
FIR-1373,Burglary,2024-09-25,36,Completed,Daytime house burglary in housing society. Gold jewelry and cash stolen while owners away.
FIR-1374,Burglary,2024-05-29,17,Pending,Daytime house burglary in housing society. Gold jewelry and cash stolen while owners away.
FIR-1375,Vehicle Theft,2025-06-02,83,Completed,Vehicle theft of a Suzuki Swift car parked near local metro station. Suspects unknown.
FIR-1376,Financial Crime,2026-06-12,96,Closed,Embezzlement and corporate financial fraud involving unauthorized vendor invoice billing of INR 49 Lakhs.
FIR-1377,Burglary,2024-04-19,24,Under Investigation,Daytime house burglary in housing society. Gold jewelry and cash stolen while owners away.
FIR-1378,Cyber Fraud,2025-10-30,83,Pending,Unauthorized UPI/phishing transaction resulting in transfer of INR 631000 from victim account via links.
FIR-1379,Financial Crime,2025-03-05,32,Completed,Embezzlement and corporate financial fraud involving unauthorized vendor invoice billing of INR 7 Lakhs.
FIR-1380,Theft,2025-01-07,69,Under Investigation,Report of theft of gold necklace from a residential area during night hours.
FIR-1381,Financial Crime,2025-05-23,72,Pending,Embezzlement and corporate financial fraud involving unauthorized vendor invoice billing of INR 47 Lakhs.
FIR-1382,Theft,2025-04-17,70,Completed,Report of theft of cash box from a residential area during night hours.
FIR-1383,Theft,2025-08-09,72,Pending,Report of theft of laptops from a residential area during night hours.
FIR-1384,Cyber Fraud,2024-11-20,27,Completed,Unauthorized UPI/phishing transaction resulting in transfer of INR 497000 from victim account via links.
FIR-1385,Vehicle Theft,2024-03-02,22,Under Investigation,Vehicle theft of a Suzuki Swift car parked near local metro station. Suspects unknown.
FIR-1386,Vehicle Theft,2024-02-01,38,Under Investigation,Vehicle theft of a Suzuki Swift car parked near local metro station. Suspects unknown.
FIR-1387,Cyber Fraud,2026-03-08,25,Under Investigation,Unauthorized UPI/phishing transaction resulting in transfer of INR 705000 from victim account via links.
FIR-1388,Cyber Fraud,2025-02-15,89,Pending,Unauthorized UPI/phishing transaction resulting in transfer of INR 497000 from victim account via links.
FIR-1389,Vehicle Theft,2024-09-03,73,Pending,Vehicle theft of a Suzuki Swift car parked near local metro station. Suspects unknown.
FIR-1390,Burglary,2025-12-05,25,Under Investigation,Daytime house burglary in housing society. Gold jewelry and cash stolen while owners away.
FIR-1391,Theft,2024-12-15,24,Closed,Report of theft of cash box from a residential area during night hours.
FIR-1392,Assault,2026-02-23,73,Pending,Physical assault and altercation following argument over parking space in municipal market.
FIR-1393,Narcotics,2026-01-09,52,Closed,Seizure of commercial quantities of contraband narcotics from suspect possession at bus check-post.
FIR-1394,Financial Crime,2024-03-26,35,Completed,Embezzlement and corporate financial fraud involving unauthorized vendor invoice billing of INR 19 Lakhs.
FIR-1395,Robbery,2025-11-27,86,Pending,Aggravated robbery at local shop counter by suspects carrying sharp instruments. Cash stolen.
FIR-1396,Vehicle Theft,2025-03-04,37,Completed,Vehicle theft of a Honda Activa parked near local metro station. Suspects unknown.
FIR-1397,Vehicle Theft,2025-03-29,47,Closed,Vehicle theft of a Honda Activa parked near local metro station. Suspects unknown.
FIR-1398,Assault,2025-06-04,56,Closed,Physical assault and altercation following argument over parking space in municipal market.
FIR-1399,Financial Crime,2026-03-04,3,Pending,Embezzlement and corporate financial fraud involving unauthorized vendor invoice billing of INR 50 Lakhs.
FIR-1400,Assault,2024-08-17,59,Pending,Physical assault and altercation following argument over parking space in municipal market.
FIR-1401,Vehicle Theft,2026-01-06,22,Pending,Vehicle theft of a Suzuki Swift car parked near local metro station. Suspects unknown.
FIR-1402,Theft,2025-02-20,41,Completed,Report of theft of gold necklace from a residential area during night hours.
FIR-1403,Theft,2025-04-29,66,Under Investigation,Report of theft of mobile phone from a residential area during night hours.
FIR-1404,Vehicle Theft,2024-02-17,49,Closed,Vehicle theft of a Suzuki Swift car parked near local metro station. Suspects unknown.
FIR-1405,Financial Crime,2024-02-05,52,Closed,Embezzlement and corporate financial fraud involving unauthorized vendor invoice billing of INR 20 Lakhs.
FIR-1406,Cyber Fraud,2025-04-28,47,Under Investigation,Unauthorized UPI/phishing transaction resulting in transfer of INR 511000 from victim account via links.
FIR-1407,Theft,2026-04-18,61,Closed,Report of theft of laptops from a residential area during night hours.
FIR-1408,Vehicle Theft,2026-03-29,100,Completed,Vehicle theft of a Royal Enfield bike parked near local metro station. Suspects unknown.
FIR-1409,Narcotics,2024-05-19,67,Closed,Seizure of commercial quantities of contraband narcotics from suspect possession at bus check-post.
FIR-1410,Financial Crime,2026-01-17,30,Pending,Embezzlement and corporate financial fraud involving unauthorized vendor invoice billing of INR 41 Lakhs.
FIR-1411,Assault,2025-04-06,78,Under Investigation,Physical assault and altercation following argument over parking space in municipal market.
FIR-1412,Vehicle Theft,2024-04-02,31,Completed,Vehicle theft of a Suzuki Swift car parked near local metro station. Suspects unknown.
FIR-1413,Theft,2025-07-30,65,Closed,Report of theft of laptops from a residential area during night hours.
FIR-1414,Financial Crime,2025-02-05,77,Closed,Embezzlement and corporate financial fraud involving unauthorized vendor invoice billing of INR 6 Lakhs.
FIR-1415,Narcotics,2025-01-16,5,Under Investigation,Seizure of commercial quantities of contraband narcotics from suspect possession at bus check-post.
FIR-1416,Narcotics,2024-05-14,66,Completed,Seizure of commercial quantities of contraband narcotics from suspect possession at bus check-post.
FIR-1417,Assault,2026-03-09,100,Pending,Physical assault and altercation following argument over parking space in municipal market.
FIR-1418,Robbery,2026-05-22,84,Pending,Aggravated robbery at local shop counter by suspects carrying sharp instruments. Cash stolen.
FIR-1419,Theft,2024-05-10,70,Closed,Report of theft of gold necklace from a residential area during night hours.
FIR-1420,Robbery,2025-01-28,91,Under Investigation,Aggravated robbery at local shop counter by suspects carrying sharp instruments. Cash stolen.
FIR-1421,Burglary,2026-03-28,84,Pending,Daytime house burglary in housing society. Gold jewelry and cash stolen while owners away.
FIR-1422,Robbery,2025-07-21,48,Pending,Aggravated robbery at local shop counter by suspects carrying sharp instruments. Cash stolen.
FIR-1423,Vehicle Theft,2024-08-18,9,Completed,Vehicle theft of a Suzuki Swift car parked near local metro station. Suspects unknown.
FIR-1424,Vehicle Theft,2025-05-19,14,Pending,Vehicle theft of a Honda Activa parked near local metro station. Suspects unknown.
FIR-1425,Theft,2024-03-24,79,Pending,Report of theft of laptops from a residential area during night hours.
FIR-1426,Vehicle Theft,2024-08-07,10,Under Investigation,Vehicle theft of a Honda Activa parked near local metro station. Suspects unknown.
FIR-1427,Narcotics,2025-01-05,23,Closed,Seizure of commercial quantities of contraband narcotics from suspect possession at bus check-post.
FIR-1428,Narcotics,2025-06-08,42,Closed,Seizure of commercial quantities of contraband narcotics from suspect possession at bus check-post.
FIR-1429,Assault,2026-02-18,64,Completed,Physical assault and altercation following argument over parking space in municipal market.
FIR-1430,Narcotics,2025-07-05,93,Completed,Seizure of commercial quantities of contraband narcotics from suspect possession at bus check-post.
FIR-1431,Narcotics,2024-11-19,24,Closed,Seizure of commercial quantities of contraband narcotics from suspect possession at bus check-post.
FIR-1432,Financial Crime,2024-03-09,28,Pending,Embezzlement and corporate financial fraud involving unauthorized vendor invoice billing of INR 14 Lakhs.
FIR-1433,Narcotics,2025-05-16,49,Completed,Seizure of commercial quantities of contraband narcotics from suspect possession at bus check-post.
FIR-1434,Assault,2024-02-10,55,Under Investigation,Physical assault and altercation following argument over parking space in municipal market.
FIR-1435,Cyber Fraud,2024-07-12,13,Completed,Unauthorized UPI/phishing transaction resulting in transfer of INR 197000 from victim account via links.
FIR-1436,Vehicle Theft,2026-05-07,32,Completed,Vehicle theft of a Royal Enfield bike parked near local metro station. Suspects unknown.
FIR-1437,Robbery,2025-07-06,41,Pending,Aggravated robbery at local shop counter by suspects carrying sharp instruments. Cash stolen.
FIR-1438,Burglary,2024-03-07,72,Closed,Daytime house burglary in housing society. Gold jewelry and cash stolen while owners away.
FIR-1439,Cyber Fraud,2025-08-12,71,Pending,Unauthorized UPI/phishing transaction resulting in transfer of INR 733000 from victim account via links.
FIR-1440,Cyber Fraud,2024-08-24,35,Closed,Unauthorized UPI/phishing transaction resulting in transfer of INR 529000 from victim account via links.
FIR-1441,Theft,2025-09-29,17,Pending,Report of theft of mobile phone from a residential area during night hours.
FIR-1442,Assault,2024-06-04,44,Under Investigation,Physical assault and altercation following argument over parking space in municipal market.
FIR-1443,Financial Crime,2025-08-04,88,Closed,Embezzlement and corporate financial fraud involving unauthorized vendor invoice billing of INR 50 Lakhs.
FIR-1444,Narcotics,2026-06-18,78,Closed,Seizure of commercial quantities of contraband narcotics from suspect possession at bus check-post.
FIR-1445,Robbery,2025-12-11,86,Pending,Aggravated robbery at local shop counter by suspects carrying sharp instruments. Cash stolen.
FIR-1446,Vehicle Theft,2026-04-17,64,Closed,Vehicle theft of a Royal Enfield bike parked near local metro station. Suspects unknown.
FIR-1447,Theft,2024-12-29,12,Closed,Report of theft of laptops from a residential area during night hours.
FIR-1448,Cyber Fraud,2025-03-18,81,Closed,Unauthorized UPI/phishing transaction resulting in transfer of INR 424000 from victim account via links.
FIR-1449,Vehicle Theft,2025-07-21,46,Closed,Vehicle theft of a Royal Enfield bike parked near local metro station. Suspects unknown.
FIR-1450,Vehicle Theft,2026-01-10,60,Completed,Vehicle theft of a Suzuki Swift car parked near local metro station. Suspects unknown.
FIR-1451,Vehicle Theft,2024-07-11,96,Completed,Vehicle theft of a Royal Enfield bike parked near local metro station. Suspects unknown.
FIR-1452,Vehicle Theft,2025-07-26,37,Pending,Vehicle theft of a Suzuki Swift car parked near local metro station. Suspects unknown.
FIR-1453,Assault,2025-05-22,19,Closed,Physical assault and altercation following argument over parking space in municipal market.
FIR-1454,Financial Crime,2025-01-16,17,Pending,Embezzlement and corporate financial fraud involving unauthorized vendor invoice billing of INR 40 Lakhs.
FIR-1455,Theft,2026-01-31,8,Pending,Report of theft of cash box from a residential area during night hours.
FIR-1456,Financial Crime,2026-01-11,82,Pending,Embezzlement and corporate financial fraud involving unauthorized vendor invoice billing of INR 28 Lakhs.
FIR-1457,Vehicle Theft,2024-07-10,63,Under Investigation,Vehicle theft of a Royal Enfield bike parked near local metro station. Suspects unknown.
FIR-1458,Cyber Fraud,2026-02-02,44,Pending,Unauthorized UPI/phishing transaction resulting in transfer of INR 242000 from victim account via links.
FIR-1459,Narcotics,2025-05-12,41,Completed,Seizure of commercial quantities of contraband narcotics from suspect possession at bus check-post.
FIR-1460,Cyber Fraud,2024-01-25,43,Closed,Unauthorized UPI/phishing transaction resulting in transfer of INR 573000 from victim account via links.
FIR-1461,Assault,2025-03-05,25,Closed,Physical assault and altercation following argument over parking space in municipal market.
FIR-1462,Financial Crime,2026-03-22,2,Closed,Embezzlement and corporate financial fraud involving unauthorized vendor invoice billing of INR 35 Lakhs.
FIR-1463,Burglary,2026-06-13,71,Closed,Daytime house burglary in housing society. Gold jewelry and cash stolen while owners away.
FIR-1464,Cyber Fraud,2024-10-13,4,Closed,Unauthorized UPI/phishing transaction resulting in transfer of INR 284000 from victim account via links.
FIR-1465,Robbery,2025-06-08,63,Closed,Aggravated robbery at local shop counter by suspects carrying sharp instruments. Cash stolen.
FIR-1466,Robbery,2026-02-25,96,Closed,Aggravated robbery at local shop counter by suspects carrying sharp instruments. Cash stolen.
FIR-1467,Assault,2025-10-29,86,Completed,Physical assault and altercation following argument over parking space in municipal market.
FIR-1468,Assault,2025-01-24,9,Pending,Physical assault and altercation following argument over parking space in municipal market.
FIR-1469,Theft,2026-01-14,76,Pending,Report of theft of gold necklace from a residential area during night hours.
FIR-1470,Assault,2024-01-29,74,Closed,Physical assault and altercation following argument over parking space in municipal market.
FIR-1471,Burglary,2025-07-04,18,Completed,Daytime house burglary in housing society. Gold jewelry and cash stolen while owners away.
FIR-1472,Vehicle Theft,2025-12-12,18,Closed,Vehicle theft of a Royal Enfield bike parked near local metro station. Suspects unknown.
FIR-1473,Theft,2024-02-28,100,Under Investigation,Report of theft of cash box from a residential area during night hours.
FIR-1474,Theft,2025-01-15,89,Closed,Report of theft of mobile phone from a residential area during night hours.
FIR-1475,Robbery,2025-01-06,91,Closed,Aggravated robbery at local shop counter by suspects carrying sharp instruments. Cash stolen.
FIR-1476,Robbery,2026-03-17,17,Under Investigation,Aggravated robbery at local shop counter by suspects carrying sharp instruments. Cash stolen.
FIR-1477,Assault,2025-11-14,98,Pending,Physical assault and altercation following argument over parking space in municipal market.
FIR-1478,Vehicle Theft,2026-04-25,19,Under Investigation,Vehicle theft of a Honda Activa parked near local metro station. Suspects unknown.
FIR-1479,Financial Crime,2024-02-11,61,Completed,Embezzlement and corporate financial fraud involving unauthorized vendor invoice billing of INR 6 Lakhs.
FIR-1480,Cyber Fraud,2025-02-01,22,Pending,Unauthorized UPI/phishing transaction resulting in transfer of INR 134000 from victim account via links.
FIR-1481,Narcotics,2026-06-02,85,Pending,Seizure of commercial quantities of contraband narcotics from suspect possession at bus check-post.
FIR-1482,Robbery,2025-11-11,54,Pending,Aggravated robbery at local shop counter by suspects carrying sharp instruments. Cash stolen.
FIR-1483,Financial Crime,2025-09-01,41,Closed,Embezzlement and corporate financial fraud involving unauthorized vendor invoice billing of INR 35 Lakhs.
FIR-1484,Financial Crime,2026-06-18,59,Completed,Embezzlement and corporate financial fraud involving unauthorized vendor invoice billing of INR 46 Lakhs.
FIR-1485,Burglary,2025-03-31,11,Pending,Daytime house burglary in housing society. Gold jewelry and cash stolen while owners away.
FIR-1486,Financial Crime,2024-11-03,27,Under Investigation,Embezzlement and corporate financial fraud involving unauthorized vendor invoice billing of INR 41 Lakhs.
FIR-1487,Cyber Fraud,2025-05-17,47,Completed,Unauthorized UPI/phishing transaction resulting in transfer of INR 668000 from victim account via links.
FIR-1488,Financial Crime,2024-11-03,1,Under Investigation,Embezzlement and corporate financial fraud involving unauthorized vendor invoice billing of INR 24 Lakhs.
FIR-1489,Financial Crime,2026-04-08,43,Completed,Embezzlement and corporate financial fraud involving unauthorized vendor invoice billing of INR 25 Lakhs.
FIR-1490,Vehicle Theft,2024-05-14,83,Under Investigation,Vehicle theft of a Royal Enfield bike parked near local metro station. Suspects unknown.
FIR-1491,Cyber Fraud,2025-03-16,61,Closed,Unauthorized UPI/phishing transaction resulting in transfer of INR 165000 from victim account via links.
FIR-1492,Assault,2024-08-31,100,Completed,Physical assault and altercation following argument over parking space in municipal market.
FIR-1493,Theft,2026-03-30,23,Completed,Report of theft of laptops from a residential area during night hours.
FIR-1494,Narcotics,2026-04-28,97,Closed,Seizure of commercial quantities of contraband narcotics from suspect possession at bus check-post.
FIR-1495,Vehicle Theft,2025-10-02,87,Pending,Vehicle theft of a Honda Activa parked near local metro station. Suspects unknown.
FIR-1496,Theft,2024-05-10,51,Pending,Report of theft of laptops from a residential area during night hours.
FIR-1497,Vehicle Theft,2024-07-18,92,Pending,Vehicle theft of a Honda Activa parked near local metro station. Suspects unknown.
FIR-1498,Vehicle Theft,2024-01-08,81,Under Investigation,Vehicle theft of a Suzuki Swift car parked near local metro station. Suspects unknown.
FIR-1499,Vehicle Theft,2024-07-23,94,Under Investigation,Vehicle theft of a Honda Activa parked near local metro station. Suspects unknown.
FIR-1500,Robbery,2026-01-28,70,Completed,Aggravated robbery at local shop counter by suspects carrying sharp instruments. Cash stolen.